{"bundle":{"name":"\u8d85\u7ea7\u82f1\u96c4","id":"38769","icons":["ico1.png"],"preImage":"preImage.jpg","frontImages":[{"imageName":"b1.jpg","tj_code_image":"1190902","material_id":"3678","skycolor":""},{"imageName":"b2.jpg","tj_code_image":"1190903","material_id":"3679","skycolor":""},{"imageName":"b3.jpg","tj_code_image":"1190904","material_id":"3680","skycolor":""},{"imageName":"b4.jpg","tj_code_image":"1190905","material_id":"3681","skycolor":""},{"imageName":"b5.jpg","tj_code_image":"1190906","material_id":"3682","skycolor":""},{"imageName":"b6.jpg","tj_code_image":"1190907","material_id":"3683","skycolor":""},{"imageName":"b7.jpg","tj_code_image":"1190908","material_id":"3684","skycolor":""},{"imageName":"b8.jpg","tj_code_image":"1190909","material_id":"3685","skycolor":""},{"imageName":"b9.jpg","tj_code_image":"1190910","material_id":"3686","skycolor":""},{"imageName":"b10.jpg","tj_code_image":"1190911","material_id":"3687","skycolor":""},{"imageName":"b11.jpg","tj_code_image":"1190912","material_id":"3688","skycolor":""},{"imageName":"b12.jpg","tj_code_image":"1190913","material_id":"3689","skycolor":""},{"imageName":"b13.jpg","tj_code_image":"1190914","material_id":"3690","skycolor":""},{"imageName":"b14.jpg","tj_code_image":"1190915","material_id":"3691","skycolor":""},{"imageName":"b15.jpg","tj_code_image":"1190916","material_id":"3692","skycolor":""},{"imageName":"b16.jpg","tj_code_image":"1190917","material_id":"3693","skycolor":""},{"imageName":"b17.jpg","tj_code_image":"1190918","material_id":"3694","skycolor":""}],"backImages":[{"imageName":"a1.jpg","tj_code_image":"1190919","material_id":"3695"},{"imageName":"a2.jpg","tj_code_image":"1190920","material_id":"3696"},{"imageName":"a3.jpg","tj_code_image":"1190921","material_id":"3697"},{"imageName":"a4.jpg","tj_code_image":"1190922","material_id":"3698"},{"imageName":"a5.jpg","tj_code_image":"1190923","material_id":"3699"},{"imageName":"a6.jpg","tj_code_image":"1190924","material_id":"3700"},{"imageName":"a7.jpg","tj_code_image":"1190925","material_id":"3701"},{"imageName":"a8.jpg","tj_code_image":"1190926","material_id":"3702"},{"imageName":"a9.jpg","tj_code_image":"1190927","material_id":"3703"},{"imageName":"a10.jpg","tj_code_image":"1190928","material_id":"3704"},{"imageName":"a11.jpg","tj_code_image":"1190929","material_id":"3705"},{"imageName":"a12.jpg","tj_code_image":"1190930","material_id":"3706"},{"imageName":"a13.jpg","tj_code_image":"1190931","material_id":"3707"},{"imageName":"a14.jpg","tj_code_image":"1190932","material_id":"3708"},{"imageName":"a15.jpg","tj_code_image":"1190933","material_id":"3709"},{"imageName":"a16.jpg","tj_code_image":"1190934","material_id":"3710"},{"imageName":"a17.jpg","tj_code_image":"1190935","material_id":"3711"}],"param":[{"blendMode":"\u6b63\u7247\u53e0\u5e95"}],"shareContents":"\u300e\u8d85\u7ea7\u82f1\u96c4\u300f\u2014\u2014\u68a6\u4e2d\u7684\u82f1\u96c4\u60c5\u8282\uff0c\u5728\u4f60\u624b\u4e2d\u4e66\u5199 http:\/\/wap.adnonstop.com\/app_source\/prod\/public\/index.php?r=WapDetail\/Index&id=38769","tj_code_enter":"1190899","tj_code_save":"1190901","tj_code_share":"1190900","rotate_zoom_enable":true,"defaultSkyColor":"","expl":["shuoming1.jpg","shuoming2.jpg"],"explTitle":[],"explDesc":[]}}