{"bundle":{"name":"\u53e0\u5b57\u6d41\u5c42","id":"38771","icons":["ico1.png"],"preImage":"preImage.jpg","frontImages":[{"imageName":"b1.png","tj_code_image":"1190989","material_id":"3521","skycolor":""},{"imageName":"b2.png","tj_code_image":"1190990","material_id":"3522","skycolor":""},{"imageName":"b3.png","tj_code_image":"1190991","material_id":"3523","skycolor":""},{"imageName":"b4.png","tj_code_image":"1190992","material_id":"3524","skycolor":""},{"imageName":"b5.png","tj_code_image":"1190993","material_id":"3525","skycolor":""},{"imageName":"b6.png","tj_code_image":"1190994","material_id":"3526","skycolor":""},{"imageName":"b7.png","tj_code_image":"1190995","material_id":"3527","skycolor":""},{"imageName":"b8.png","tj_code_image":"1190996","material_id":"3528","skycolor":""},{"imageName":"b9.png","tj_code_image":"1190997","material_id":"3529","skycolor":""},{"imageName":"b10.png","tj_code_image":"1190998","material_id":"3530","skycolor":""},{"imageName":"b11.png","tj_code_image":"1190999","material_id":"3531","skycolor":""}],"backImages":[{"imageName":"a1.jpg","tj_code_image":"1191000","material_id":"3532"},{"imageName":"a2.jpg","tj_code_image":"1191001","material_id":"3533"},{"imageName":"a3.jpg","tj_code_image":"1191002","material_id":"3534"},{"imageName":"a4.jpg","tj_code_image":"1191003","material_id":"3535"},{"imageName":"a5.jpg","tj_code_image":"1191004","material_id":"3536"},{"imageName":"a6.jpg","tj_code_image":"1191005","material_id":"3537"},{"imageName":"a7.jpg","tj_code_image":"1191006","material_id":"3538"},{"imageName":"a8.jpg","tj_code_image":"1191007","material_id":"3539"},{"imageName":"a9.jpg","tj_code_image":"1191008","material_id":"3540"},{"imageName":"a10.jpg","tj_code_image":"1191009","material_id":"3541"},{"imageName":"a11.jpg","tj_code_image":"1191010","material_id":"3542"}],"param":[{"blendMode":"\u6b63\u5e38"}],"shareContents":"\u300e\u53e0\u5b57\u6d41\u5c42\u300f\u2014\u2014\u98a0\u8986\u5e73\u9762\u6cd5\u5219\uff0c\u4e09\u7ef4\u89c6\u89c9\u968f\u624b\u521b\u9020 http:\/\/wap.adnonstop.com\/app_source\/prod\/public\/index.php?r=WapDetail\/Index&id=38771","tj_code_enter":"1190986","tj_code_save":"1190988","tj_code_share":"1190987","rotate_zoom_enable":true,"defaultSkyColor":"","expl":["shuoming1.jpg","shuoming2.jpg"],"explTitle":[],"explDesc":[]}}