{"bundle":{"name":"\u906e\u7f69\u8c61\u9650","id":"38772","icons":["ico1.png"],"preImage":"preImage.jpg","frontImages":[{"imageName":"b1.png","tj_code_image":"1191014","material_id":"3543","skycolor":""},{"imageName":"b2.png","tj_code_image":"1191015","material_id":"3544","skycolor":""},{"imageName":"b3.png","tj_code_image":"1191016","material_id":"3545","skycolor":""},{"imageName":"b4.png","tj_code_image":"1191017","material_id":"3546","skycolor":""},{"imageName":"b5.png","tj_code_image":"1191018","material_id":"3547","skycolor":""},{"imageName":"b6.png","tj_code_image":"1191019","material_id":"3548","skycolor":""},{"imageName":"b7.png","tj_code_image":"1191020","material_id":"3549","skycolor":""}],"backImages":[{"imageName":"a1.jpg","tj_code_image":"1191021","material_id":"3550"},{"imageName":"a2.jpg","tj_code_image":"1191022","material_id":"3551"},{"imageName":"a3.jpg","tj_code_image":"1191023","material_id":"3552"},{"imageName":"a4.jpg","tj_code_image":"1191024","material_id":"3553"},{"imageName":"a5.jpg","tj_code_image":"1191025","material_id":"3554"},{"imageName":"a6.jpg","tj_code_image":"1191026","material_id":"3555"},{"imageName":"a7.jpg","tj_code_image":"1191027","material_id":"3556"}],"param":[{"blendMode":"\u6b63\u5e38"}],"shareContents":"\u300e\u906e\u7f69\u8c61\u9650\u300f\u2014\u2014\u5be5\u5be5\u7ebf\u6761\u548c\u7b80\u5355\u51e0\u4f55\uff0c\u9020\u5c31\u65e0\u6570\u4e2a\u5f71\u50cf\u5b87\u5b99 http:\/\/wap.adnonstop.com\/app_source\/prod\/public\/index.php?r=WapDetail\/Index&id=38772","tj_code_enter":"1191011","tj_code_save":"1191013","tj_code_share":"1191012","rotate_zoom_enable":true,"defaultSkyColor":"","expl":["shuoming1.jpg","shuoming2.jpg"],"explTitle":[],"explDesc":[]}}