{"bundle":{"name":"\u65b0\u6f6e\u52bf\u529b","id":"38770","icons":["ico1.png"],"preImage":"preImage.jpg","frontImages":[{"imageName":"b1.png","tj_code_image":"1190962","material_id":"3654","skycolor":""},{"imageName":"b2.png","tj_code_image":"1190963","material_id":"3655","skycolor":""},{"imageName":"b3.png","tj_code_image":"1190964","material_id":"3656","skycolor":""},{"imageName":"b4.png","tj_code_image":"1190965","material_id":"3657","skycolor":""},{"imageName":"b5.png","tj_code_image":"1190966","material_id":"3658","skycolor":""},{"imageName":"b6.png","tj_code_image":"1190967","material_id":"3659","skycolor":""},{"imageName":"b7.png","tj_code_image":"1190968","material_id":"3660","skycolor":""},{"imageName":"b8.png","tj_code_image":"1190969","material_id":"3661","skycolor":""},{"imageName":"b9.png","tj_code_image":"1190970","material_id":"3662","skycolor":""},{"imageName":"b10.png","tj_code_image":"1190971","material_id":"3663","skycolor":""},{"imageName":"b11.png","tj_code_image":"1190972","material_id":"3664","skycolor":""},{"imageName":"b12.png","tj_code_image":"1190973","material_id":"3665","skycolor":""}],"backImages":[{"imageName":"a1.jpg","tj_code_image":"1190974","material_id":"3666"},{"imageName":"a2.jpg","tj_code_image":"1190975","material_id":"3667"},{"imageName":"a3.jpg","tj_code_image":"1190976","material_id":"3668"},{"imageName":"a4.jpg","tj_code_image":"1190977","material_id":"3669"},{"imageName":"a5.jpg","tj_code_image":"1190978","material_id":"3670"},{"imageName":"a6.jpg","tj_code_image":"1190979","material_id":"3671"},{"imageName":"a7.jpg","tj_code_image":"1190980","material_id":"3672"},{"imageName":"a8.jpg","tj_code_image":"1190981","material_id":"3673"},{"imageName":"a9.jpg","tj_code_image":"1190982","material_id":"3674"},{"imageName":"a10.jpg","tj_code_image":"1190983","material_id":"3675"},{"imageName":"a11.jpg","tj_code_image":"1190984","material_id":"3676"},{"imageName":"a12.jpg","tj_code_image":"1190985","material_id":"3677"}],"param":[{"blendMode":"\u6b63\u5e38"}],"shareContents":"\u300e\u65b0\u6f6e\u52bf\u529b\u300f\u2014\u2014\u8fd9\u6b21\u73a9\u5927\u7684\uff01\u6f6e\u6807\u9769\u65b0\u53f7\u52b2CHOK\u65b0\u89c6\u754c http:\/\/wap.adnonstop.com\/app_source\/prod\/public\/index.php?r=WapDetail\/Index&id=38770","tj_code_enter":"1190959","tj_code_save":"1190961","tj_code_share":"1190960","rotate_zoom_enable":true,"defaultSkyColor":"","expl":["shuoming1.jpg","shuoming2.jpg"],"explTitle":[],"explDesc":[]}}