{"bundle":{"name":"\u5e7b\u89c6\u8ff7\u8679","id":"38768","icons":["ico1.png"],"preImage":"preImage.jpg","frontImages":[{"imageName":"b1.png","tj_code_image":"1190885","material_id":"4151","skycolor":""},{"imageName":"b2.png","tj_code_image":"1190886","material_id":"4152","skycolor":""},{"imageName":"b3.png","tj_code_image":"1190887","material_id":"4153","skycolor":""},{"imageName":"b4.png","tj_code_image":"1190888","material_id":"4154","skycolor":""},{"imageName":"b5.jpg","tj_code_image":"1190889","material_id":"4155","skycolor":""},{"imageName":"b6.jpg","tj_code_image":"1190890","material_id":"4156","skycolor":""},{"imageName":"b7.jpg","tj_code_image":"1190891","material_id":"4157","skycolor":""}],"backImages":[{"imageName":"a1.jpg","tj_code_image":"1190892","material_id":"4158"},{"imageName":"a2.jpg","tj_code_image":"1190893","material_id":"4159"},{"imageName":"a3.jpg","tj_code_image":"1190894","material_id":"4160"},{"imageName":"a4.jpg","tj_code_image":"1190895","material_id":"4161"},{"imageName":"a5.jpg","tj_code_image":"1190896","material_id":"4162"},{"imageName":"a6.jpg","tj_code_image":"1190897","material_id":"4163"},{"imageName":"a7.jpg","tj_code_image":"1190898","material_id":"4164"}],"param":[{"blendMode":"\u6b63\u5e38"}],"shareContents":"\u300e\u5e7b\u89c6\u8ff7\u8679\u300f\u2014\u2014Rainbow Mix\uff0c\u6f14\u7ece\u6700IN\u6f6e\u5f71\u50cf http:\/\/wap.adnonstop.com\/app_source\/prod\/public\/index.php?r=WapDetail\/Index&id=38768","tj_code_enter":"1190882","tj_code_save":"1190884","tj_code_share":"1190883","rotate_zoom_enable":true,"defaultSkyColor":"","expl":["shuoming1.jpg","shuoming2.jpg"],"explTitle":[],"explDesc":[]}}